{"cameraMode":{"drawMode":0,"name":"Shaded","section":"Shading Mode"},"sceneLighting":true,"audioPlay":false,"sceneViewState":{"m_AlwaysRefresh":false,"showFog":true,"showSkybox":true,"showFlares":true,"showImageEffects":true,"showParticleSystems":true,"showVisualEffectGraphs":true,"m_FxEnabled":true},"in2DMode":false,"pivot":{"x":3.1729934215545656,"y":12.022459030151368,"z":-28.6066837310791},"rotation":{"x":0.3310987651348114,"y":0.014144840650260449,"z":-0.004985744599252939,"w":0.9434994459152222},"size":0.866025447845459,"orthographic":false}